8.64,,7.33,,5.93,,8.22,
X,Y,X,Y,X,Y,X,Y
350.5268763,0.057938724,369.5911089,0.069928734,350.7150101,0.053372466,372.3504057,0.065213233
351.0912779,0.062764576,374.4198783,0.081723804,350.7150101,0.051596133,373.4792089,0.06725208
350.903144,0.060986784,375.1724138,0.082998447,351.4675456,0.0533783,374.4198783,0.061676608
351.8438134,0.063024172,374.9842799,0.081474417,351.4675456,0.051348204,375.7368154,0.06726958
352.408215,0.065058643,378.1825558,0.09317226,351.8438134,0.050082311,376.4893509,0.068290462
352.9726166,0.063032922,378.9350913,0.096223238,352.2827924,0.054399668,376.8656187,0.063218139
352.7844828,0.048820793,378.9350913,0.094193142,352.2200811,0.051861562,378.5588235,0.066276408
353.1607505,0.052376378,378.9350913,0.09267057,352.5963489,0.050341907,379.311359,0.070849958
353.1607505,0.050346282,379.6876268,0.097751643,352.9726166,0.056435111,379.311359,0.066789766
353.5370183,0.053901866,379.4994929,0.095720089,352.9726166,0.054658777,380.0638945,0.072378363
353.913286,0.06760793,380.4401623,0.099026287,352.7844828,0.052373461,379.8757606,0.068316713
354.4776876,0.060253208,381.2554091,0.099455543,353.7878634,0.056610605,380.81643,0.072384197
354.4776876,0.052386587,382.0079446,0.102337346,354.4776876,0.057461826,381.5689655,0.07239003
356.3590264,0.068641937,381.7570994,0.100305305,354.4776876,0.055685492,381.9452333,0.06630266
356.1708925,0.058997523,382.6977688,0.104372789,354.8539554,0.053404551,382.321501,0.072395864
356.7352941,0.074735141,382.5096349,0.102341235,355.2302231,0.056960136,383.0740365,0.072401697
356.7352941,0.072958807,383.4503043,0.105901194,355.2302231,0.05493004,384.0147059,0.073424037
357.1115619,0.053422052,384.2028398,0.1074296,355.6064909,0.052649099,384.3909736,0.07038181
356.923428,0.050882974,384.2028398,0.105907028,355.9827586,0.055950921,384.7672414,0.075459967
357.2996957,0.064589037,384.6418188,0.109463098,355.9827586,0.053920826,385.1435091,0.070387644
357.8640974,0.069922414,384.9553753,0.106420385,356.1708925,0.051892188,385.8960446,0.06937843
357.8640974,0.055457982,384.9553753,0.10439029,356.7352941,0.056464279,387.4011156,0.071927717
358.428499,0.067642931,384.9553753,0.102360194,356.7352941,0.054687945,388.5299189,0.080564374
358.9929006,0.065617211,384.9553753,0.100837622,357.1115619,0.058497292,388.9061866,0.075492052
359.7454361,0.062577901,385.331643,0.110483494,357.4878296,0.056977637,389.2824544,0.081585256
360.6861055,0.065630336,385.331643,0.108453398,357.8640974,0.059518173,390.0349899,0.080576041
361.6267748,0.069444058,385.7079108,0.106426219,358.2403651,0.061551186,391.5400609,0.082617804
362.1911765,0.072747339,385.5197769,0.104902189,358.2403651,0.057998518,392.6688641,0.086686746
362.1911765,0.071224767,386.0841785,0.112519423,358.6166329,0.059524007,392.856998,0.080090393
362.3793103,0.067673558,386.0841785,0.110489327,358.9929006,0.058004352,393.6095335,0.08567899
362.5674442,0.069705112,385.8960446,0.108457773,359.3691684,0.05952984,394.5502028,0.087208854
362.7555781,0.065138855,386.836714,0.114555352,359.5573022,0.058008727,395.6790061,0.083664937
363.5081136,0.06539845,386.836714,0.112525257,360.1217039,0.060043198,396.6196755,0.086209849
363.5081136,0.062607069,386.6485801,0.111001226,363.5081136,0.072503786,396.9959432,0.090780481
364.0725152,0.06210392,387.5892495,0.115576234,363.8843813,0.071237893,397.5603448,0.091799904
364.6369168,0.064138391,387.5892495,0.1137999,364.2606491,0.075808525,397.7484787,0.088248695
365.2013185,0.065157814,388.341785,0.117104639,364.2606491,0.073778429,398.5010142,0.091299672
366.5182556,0.067705643,388.780764,0.118799789,364.6369168,0.077841537,399.4416836,0.098919823
368.2114604,0.061120957,389.4705882,0.123711201,364.6369168,0.07175125,399.4416836,0.094859632
369.3402637,0.057069516,389.4705882,0.121681105,365.0758959,0.075814845,400.1942191,0.099940705
370.2809331,0.054539188,389.4705882,0.119651009,365.0131846,0.073276739,400.7586207,0.094869841
370.8453347,0.053528515,389.2824544,0.118126979,365.4521636,0.078862905,401.3230223,0.099949455
370.8453347,0.052005944,390.2231237,0.123717035,365.4521636,0.070742522,401.5111562,0.096398246
372.5385396,0.058109357,390.2231237,0.121686939,365.2013185,0.068710482,403.2043611,0.097933943
372.9148073,0.053290796,390.2231237,0.119656843,365.7657201,0.082671765,403.5806288,0.104027148
372.7266734,0.052020528,390.2231237,0.117880509,365.8284314,0.075820678,403.7687627,0.094893175
373.1029412,0.048978301,391.0383705,0.123723354,365.7657201,0.073282572,404.3331643,0.105048029
373.8554767,0.048984134,390.7875254,0.121691314,366.2046991,0.080898834,404.3331643,0.096420122
374.2317444,0.051017147,390.7875254,0.119661218,366.1419878,0.078360728,404.709432,0.099975706
375.1724138,0.050009391,390.7875254,0.117631123,366.1419878,0.071255393,405.0856998,0.112159198
376.4893509,0.052049696,391.7281947,0.12474375,365.953854,0.069223839,405.0856998,0.105053863
377.4300203,0.050280654,391.7281947,0.123221178,366.5182556,0.075826026,405.8382353,0.113180079
379.1232252,0.046994874,392.1044625,0.126776762,366.5182556,0.07379593,405.8382353,0.105059696
380.0638945,0.048017214,392.5434415,0.130840357,366.8945233,0.079889134,406.4026369,0.109631787
380.81643,0.04193276,392.4807302,0.128302251,366.8945233,0.077859038,406.9670385,0.109128638
381.5689655,0.041938594,392.4807302,0.125257107,366.7063895,0.072274816,407.1551724,0.103547333
382.321501,0.041944427,393.2332657,0.131860752,367.2707911,0.075831859,407.719574,0.11014952
383.0740365,0.041950261,393.2332657,0.129830656,367.2707911,0.074055525,408.0958418,0.112182532
383.6384381,0.047029876,393.0451318,0.128306626,367.7097701,0.079895454,409.224645,0.110161187
384.0147059,0.045510221,393.9858012,0.131866586,367.6470588,0.077357348,409.9771805,0.113212164
384.2028398,0.04043644,393.9858012,0.130344014,367.8351927,0.07532871,410.729716,0.114233046
385.331643,0.043490334,394.801048,0.13204208,368.4623056,0.080916335,413.3635903,0.122373846
385.1435091,0.038413636,395.5535835,0.133908835,368.2114604,0.078884295,413.739858,0.117301524
385.8960446,0.044002233,395.3027383,0.132384318,368.2114604,0.077361723,413.739858,0.113241332
386.6485801,0.043500542,396.2434077,0.138989422,369.1521298,0.083966826,414.6805274,0.123906627
386.6485801,0.041977971,396.2434077,0.136959326,369.1521298,0.081936731,414.8686613,0.120355418
387.7773834,0.040971673,396.2434077,0.13492923,368.9639959,0.0804127,415.4330629,0.123404937
389.0943205,0.045042074,396.0552738,0.1334052,369.9046653,0.08397266,415.9974645,0.123409312
390.2231237,0.041751918,396.6196755,0.141022434,369.9046653,0.081942564,416.1855984,0.120365627
390.4112576,0.044037234,396.9959432,0.143055447,369.9046653,0.08016623,416.9381339,0.126969271
390.9756592,0.04150399,396.8078093,0.138993797,370.7199121,0.08397898,417.8788032,0.132559327
392.2925963,0.05064963,396.8078093,0.137471225,370.6572008,0.081440874,418.255071,0.130532148
392.4807302,0.047859706,397.372211,0.142043316,370.4690669,0.079916844,418.4432049,0.120383127
392.6688641,0.046084831,397.81119,0.144245989,371.0334686,0.087026554,418.6313387,0.128504969
393.0451318,0.051162987,398.1874577,0.147124875,371.4724476,0.091090148,420.5126775,0.124966885
394.362069,0.045082909,398.3128803,0.144588227,371.4097363,0.088552043,420.8889452,0.131567613
395.86714,0.046617148,398.8772819,0.149160318,371.4724476,0.085169036,421.6414807,0.13461859
396.6196755,0.044592886,398.8772819,0.147130222,371.2216024,0.083475345,422.0177485,0.126501124
397.372211,0.046628815,399.6925287,0.149166638,371.2216024,0.081445249,422.5821501,0.122952832
398.1247465,0.052217412,399.6298174,0.146882294,372.2249831,0.095156174,423.5228195,0.134633175
397.9366126,0.051200906,400.0060852,0.152214212,372.1622718,0.092618068,423.5228195,0.129557935
397.9366126,0.047648238,400.4450642,0.150187519,371.9741379,0.091094037,423.8990872,0.131590948
398.6891481,0.051714263,400.3823529,0.147649413,371.9741379,0.089571466,427.0973631,0.131108217
399.2535497,0.05577883,400.3823529,0.146126842,372.9148073,0.096176569,428.9787018,0.13619804
400.0060852,0.058322283,400.7586207,0.153235094,372.9148073,0.094400235,429.1668357,0.132646831
400.3823529,0.051981151,401.1975997,0.157298688,373.7300541,0.097197936,429.7312373,0.138233969
400.7586207,0.050207734,401.1348884,0.154760582,373.4792089,0.09567342,429.9193712,0.13468276
400.9467546,0.051731764,400.9467546,0.151206456,374.4825896,0.100248914,430.4837728,0.140269899
401.6992901,0.059350457,401.1348884,0.149177819,374.4198783,0.097710808,430.6719067,0.134688594
402.6399594,0.057327653,400.9467546,0.147146265,374.4198783,0.095934474,431.0481744,0.141796846
404.1450304,0.054801701,400.9467546,0.145623693,375.2351251,0.101269795,431.0481744,0.129616271
404.8975659,0.057598916,401.9501352,0.159334617,375.1724138,0.098985451,431.4244422,0.140277191
404.709432,0.0553136,401.8874239,0.156796512,374.9842799,0.097715183,431.9888438,0.138758994
405.6501014,0.063441275,401.8874239,0.155020178,375.9876606,0.103305725,431.8007099,0.130637153
405.6501014,0.059127321,402.6399594,0.159847489,375.9249493,0.100767619,432.9295132,0.131660951
407.1551724,0.060154036,402.6399594,0.157817393,375.7368154,0.099243589,433.4939148,0.138770661
408.0958418,0.06041509,402.6399594,0.155787297,376.3639283,0.106353785,434.0583164,0.140805132
408.8483773,0.060420924,402.6399594,0.154010964,376.4893509,0.103309614,434.0583164,0.131669701
408.8483773,0.05737578,403.4552062,0.158331237,376.4893509,0.101787042,434.8108519,0.13878087
409.224645,0.063468984,403.3924949,0.155793131,377.0537525,0.10737418,435.1871197,0.129648356
409.6009128,0.058904186,403.2043611,0.154269101,377.0537525,0.105597847,435.7515213,0.132190351
411.2941176,0.068052742,404.1450304,0.16036668,377.8689993,0.1073805,435.9396552,0.138789621
411.2941176,0.063485027,404.1450304,0.158590346,377.806288,0.105349918,436.8803245,0.133721673
412.0466531,0.067551052,404.5840095,0.162400179,378.6215348,0.108401382,437.0684584,0.143366086
411.8585193,0.062474354,404.709432,0.159863531,378.3706897,0.106369341,437.0684584,0.141843515
412.7991886,0.064765504,405.336545,0.164605283,378.3706897,0.10484677,437.63286,0.14438551
413.739858,0.071624369,405.0856998,0.162404068,379.311359,0.113481968,437.4447262,0.132711001
413.9279919,0.06807316,405.6501014,0.166976158,379.311359,0.111451873,438.0091278,0.131192804
415.4330629,0.069607399,406.0263692,0.164695218,379.311359,0.109421777,438.3853955,0.143883819
415.8093306,0.074178031,406.4026369,0.166474468,379.1232252,0.107390223,438.1972617,0.133224358
416.1855984,0.068598185,406.7789047,0.164954813,379.6876268,0.115514981,438.5735294,0.134749847
416.3737323,0.07468993,407.1551724,0.166480302,380.0638945,0.117547994,439.137931,0.142367081
417.3144016,0.070383269,407.5941515,0.1685138,380.0638945,0.113487802,439.7023327,0.138818789
417.5025355,0.072668585,407.5314402,0.165468171,380.0638945,0.111711468,439.7023327,0.134758597
418.8194726,0.066080983,408.346687,0.171564778,379.8757606,0.109426152,440.643002,0.134258365
419.1957404,0.071666663,408.2839757,0.169026672,380.4401623,0.115774577,440.8311359,0.139842587
419.0076065,0.069127585,408.2839757,0.167250338,380.8791413,0.117723488,441.3955375,0.134771723
419.9482759,0.071672496,408.6602434,0.174104828,381.5689655,0.120604804,442.3362069,0.132748919
420.1364097,0.075734146,409.0365112,0.171570125,381.5689655,0.118574709,442.9006085,0.130723198
420.7008114,0.079798713,409.0365112,0.169540029,381.3808316,0.117050678,443.0887424,0.132754753
420.5126775,0.077767159,409.0365112,0.167509934,382.3842123,0.121626172,443.4650101,0.134787765
421.8296146,0.078284892,409.0365112,0.165987362,382.1333671,0.119594132,445.158215,0.133785843
422.5821501,0.076260629,409.4127789,0.173603138,383.1367478,0.125692197,445.9107505,0.133791676
423.3346856,0.076012701,409.8517579,0.171576445,383.0740365,0.123154091,446.0988844,0.137853326
423.8990872,0.075763314,409.6009128,0.169544405,383.0740365,0.121377758,446.663286,0.13379751
424.275355,0.08337909,409.6009128,0.167514309,383.8892833,0.127728127,447.2276876,0.132786837
424.8397566,0.07881575,410.2280257,0.174624505,383.826572,0.125443783,448.9208925,0.133815011
425.0278905,0.08541502,410.3534483,0.171580334,383.6384381,0.123665991,448.7327586,0.130768409
425.780426,0.078823042,410.9805612,0.175814561,384.5791075,0.128748522,449.673428,0.136865988
426.3448276,0.076797321,410.729716,0.17412087,384.5791075,0.126718426,449.673428,0.130775701
426.5329615,0.082381543,411.6703854,0.17768083,384.3909736,0.125194396,450.2378296,0.135855316
427.0973631,0.084162252,411.6703854,0.175650734,385.331643,0.129769403,450.2378296,0.130780076
428.0380325,0.076810447,412.4856322,0.178702198,385.331643,0.12799307,450.9903651,0.129770862
428.4143002,0.080873555,412.234787,0.176670157,385.1435091,0.125707754,451.5547667,0.131805333
428.790568,0.078338852,413.2381677,0.180738127,385.7079108,0.131802416,452.1191684,0.13079466
429.3549696,0.082149657,412.9873225,0.178706087,385.8960446,0.129773779,452.3073022,0.128766023
430.1075051,0.084946872,413.9907032,0.182774056,386.4604462,0.132315774,453.4361055,0.131312393
430.8600406,0.084698944,413.739858,0.180742016,386.836714,0.136886406,454.0005071,0.13283934
431.4244422,0.084957081,414.6805274,0.1848095,386.836714,0.13485631,455.3174442,0.125744214
432.3651116,0.083441802,414.6805274,0.183033166,387.2129817,0.138919418,455.5055781,0.128790816
432.5532454,0.080398116,415.4957742,0.185830867,387.0248479,0.132827673,456.0699797,0.125750047
432.9295132,0.083953701,415.244929,0.184306351,387.5892495,0.140952431,456.8225152,0.128801024
433.3057809,0.080911474,416.1855984,0.187866311,387.5892495,0.136892239,456.6343813,0.125754422
434.2464503,0.087009053,416.1855984,0.185836215,387.4011156,0.134860685,459.4563895,0.124253727
434.9989858,0.079909552,416.9381339,0.187872144,387.9655172,0.142985443,459.2682556,0.119684553
435.5633874,0.083466594,416.75,0.186348114,387.9655172,0.138925252,460.3970588,0.120708351
436.127789,0.084993541,417.6906694,0.187877978,388.341785,0.145018456,460.7733266,0.128831651
436.5040568,0.087026554,418.4432049,0.187883811,388.341785,0.140958265,461.3377282,0.124268311
437.2565923,0.083987244,418.4432049,0.18636124,388.1536511,0.137404139,461.3377282,0.117162975
438.4481068,0.085857402,418.8821839,0.18991731,388.780764,0.142991763,463.4072008,0.121746733
438.7616633,0.088566627,419.0076065,0.187380663,389.0943205,0.146039338,463.4072008,0.116671494
439.5141988,0.088064936,419.5720081,0.190937705,389.5332995,0.144181819,463.7834686,0.119719554
440.2667343,0.08807077,419.5720081,0.189161372,389.2824544,0.142488128,465.2885396,0.11567103
440.8311359,0.089090193,420.3872549,0.192128248,389.846856,0.149090315,466.0410751,0.120752103
441.7718053,0.087828675,420.1364097,0.190434557,389.846856,0.147060219,466.0410751,0.114661816
442.5243408,0.085296889,421.1397904,0.193995002,390.2231237,0.145540564,466.4173428,0.118724924
442.9006085,0.083523472,420.8889452,0.191962962,390.0349899,0.14350901,466.7936105,0.116697745
442.9006085,0.0820009,421.8296146,0.195522922,390.5993915,0.149603672,466.7936105,0.113652602
443.0887424,0.09113779,421.8296146,0.193492826,390.5993915,0.147573577,468.6749493,0.114682233
444.0294118,0.092160129,421.6414807,0.19247632,391.4146383,0.149102468,469.6156187,0.10758419
443.8412779,0.088098479,422.6448614,0.195021717,391.1637931,0.147070428,470.1800203,0.106573518
444.5938134,0.091149457,422.5821501,0.192483612,392.1671738,0.151138398,470.9325558,0.106071827
445.5344828,0.087604081,422.3940162,0.191467105,392.1044625,0.148854054,471.4969574,0.107598774
446.2870183,0.088117439,423.3973969,0.196042599,392.5434415,0.160276745,472.061359,0.10760315
447.0395538,0.089899606,423.1465517,0.194010559,392.4807302,0.157738639,482.596856,0.108699868
448.3564909,0.092193673,423.7736646,0.199090659,392.4807302,0.155708544,483.3493915,0.105660558
450.0496957,0.094490656,424.0872211,0.196301708,392.4807302,0.153678448,484.2900609,0.106175374
450.6140974,0.096271365,424.5262001,0.200111541,392.6688641,0.151142287,485.0425963,0.112271495
451.5547667,0.092472227,424.4634888,0.197573435,392.6688641,0.149112191,485.0425963,0.108211303
452.1191684,0.093237889,425.2160243,0.202146984,393.2332657,0.160789617,485.7951318,0.112784852
452.8717039,0.092736198,425.2160243,0.200116888,393.2332657,0.158759521,486.5476673,0.112790686
452.8717039,0.091213626,425.2160243,0.198086793,393.2332657,0.156729425,486.7358012,0.108731953
453.6242394,0.095279652,425.2160243,0.196310459,393.2332657,0.154953091,487.112069,0.112795061
453.6242394,0.089189364,425.5922921,0.204179997,394.0485125,0.16130346,487.3002028,0.10518366
454.3767748,0.098330629,425.780426,0.202151359,393.9858012,0.158765354,488.4290061,0.107222507
455.1293103,0.090216079,425.9685598,0.200122722,393.7976673,0.157241324,488.9934077,0.108749454
455.8818458,0.095297152,425.9685598,0.198092626,394.7383367,0.164353951,489.9340771,0.112816937
456.4462475,0.099107957,425.9685598,0.19606253,394.7383367,0.162323856,490.6866126,0.112822771
456.2581136,0.097330165,426.3448276,0.194796637,394.7383367,0.16029376,492.0035497,0.102682501
457.0106491,0.099366094,426.5329615,0.199112049,394.5502028,0.158262206,493.1323529,0.106243919
458.1394523,0.096837225,426.7210953,0.197083412,395.1773158,0.16638745,493.6967546,0.10827839
458.3275862,0.094808588,427.0973631,0.195309995,395.4908722,0.164359785,495.2018256,0.11641044
459.0801217,0.094306897,427.4736308,0.197089246,395.86714,0.168422893,495.7662272,0.113877195
460.2089249,0.097360791,427.8498986,0.196077114,395.86714,0.166392798,496.7068966,0.113376964
460.7733266,0.097365167,428.2888776,0.198110613,396.2434077,0.165126905,496.8950304,0.11693109
461.9021298,0.091791154,429.0414131,0.199131495,396.6823867,0.169444261,497.2712982,0.111858767
462.0902637,0.089762516,428.9787018,0.196593389,396.4315416,0.167412221,499.1526369,0.121008782
462.6546653,0.090274415,428.790568,0.195576883,397.4349222,0.17148019,499.9051724,0.119999568
463.2817782,0.100091406,429.7312373,0.20015189,397.1840771,0.16944815,499.9051724,0.115939376
463.7834686,0.10246374,429.7312373,0.198121794,398.1874577,0.17351612,500.6577079,0.116960258
464.7241379,0.094096887,429.5431034,0.196597764,397.9366126,0.171484079,501.2221095,0.121532348
465.8529412,0.102226021,429.9193712,0.208273731,398.8772819,0.176566611,501.4102434,0.117981139
465.8529412,0.100449687,430.1075051,0.20573757,398.8772819,0.174536515,502.1627789,0.119002021
467.0444557,0.095045335,430.1075051,0.203707474,398.8772819,0.173013943,502.7271805,0.123574111
466.7936105,0.09284412,430.1075051,0.201677379,399.2535497,0.178599623,502.9153144,0.120022902
467.546146,0.096402621,430.2956389,0.199648741,399.6925287,0.180633122,503.2915822,0.125101058
468.1105477,0.099959664,430.8600406,0.204728356,399.6925287,0.176742105,504.0441176,0.127136988
468.2986815,0.098438551,430.8600406,0.20269826,399.4416836,0.17454089,504.984787,0.120546468
469.2393509,0.101744748,430.8600406,0.200921926,400.4450642,0.181823178,505.5491886,0.128163703
469.8037525,0.102002885,431.6125761,0.203719142,400.1942191,0.180129487,505.9254564,0.120046236
469.8037525,0.100480314,431.6125761,0.201689046,401.1348884,0.183689447,506.8661258,0.125636292
470.7444219,0.0971887,431.4244422,0.20067254,401.1348884,0.181659351,507.2423935,0.130714448
471.4969574,0.100493439,431.9888438,0.199154343,401.5111562,0.185722459,507.8067951,0.132241395
472.061359,0.100497814,431.9888438,0.197124247,401.8874239,0.187755472,508.5593306,0.135292372
472.8138945,0.0994886,432.3651116,0.203217451,401.8874239,0.18369528,508.7474645,0.130726115
474.3189655,0.103560459,432.3651116,0.201187356,401.6992901,0.18217125,508.9355984,0.136817861
474.3189655,0.101530363,432.8040906,0.199160663,402.2636917,0.185728293,509.5,0.13986738
474.6952333,0.107623567,432.7413793,0.196876319,402.7026707,0.187761792,509.6881339,0.134286075
475.071501,0.103566292,433.1176471,0.201700713,402.6399594,0.184716162,510.0644016,0.141394327
476.0121704,0.109663872,433.5566261,0.199166496,403.4552062,0.190812769,510.4406694,0.1383521
476.576572,0.110683295,433.4939148,0.19662839,403.3924949,0.188274663,511.005071,0.142416667
477.8935091,0.108663408,434.2464503,0.200186892,403.2043611,0.186750633,511.7576065,0.1424225
477.7053753,0.105616806,434.2464503,0.198156796,404.1450304,0.192848212,511.9457404,0.139378815
478.6460446,0.110699337,434.2464503,0.1961267,404.1450304,0.191071878,512.6982759,0.143952364
479.2104462,0.110703712,435.0616971,0.200193211,404.5212982,0.194881225,512.6982759,0.140399697
479.9629817,0.110202022,434.9989858,0.197655106,404.9602772,0.196914723,513.6389452,0.14192956
480.3392495,0.11426513,434.9989858,0.195878772,404.709432,0.192852587,516.0846856,0.15362157
481.2799189,0.11655628,434.8108519,0.194608504,405.0856998,0.194378076,516.8372211,0.154642452
481.091785,0.112748392,435.7515213,0.200706083,405.6501014,0.197935119,516.8372211,0.15058226
481.6561866,0.118081769,435.7515213,0.198675987,405.6501014,0.195905023,517.5897566,0.150588094
482.596856,0.114790155,435.7515213,0.196899653,406.4026369,0.198956,517.9660243,0.157696346
484.2900609,0.118355948,435.5633874,0.195629385,406.4026369,0.197179666,517.9660243,0.153636154
484.8544625,0.118360324,436.5040568,0.200204393,406.841616,0.200989499,518.7185598,0.161762371
485.4188641,0.124454986,436.5040568,0.198174297,407.5941515,0.20201038,519.4710953,0.1637983
485.606998,0.121918825,436.5040568,0.196144201,407.3433063,0.200485864,519.4710953,0.157708013
486.1713996,0.12446082,437.2565923,0.197165082,408.2839757,0.204045824,520.2236308,0.16075899
486.9239351,0.124466653,437.2565923,0.195134987,408.2839757,0.202015728,520.9761663,0.16279492
487.6764706,0.124980011,437.63286,0.193615332,409.0992224,0.205067191,521.7287018,0.164830849
488.4290061,0.126000892,438.0091278,0.197170916,409.0365112,0.202782847,522.4812373,0.171942018
488.2408722,0.124984386,438.0091278,0.19514082,409.7890467,0.206087587,522.8575051,0.17397503
489.6205206,0.128886098,438.3853955,0.193874927,409.7890467,0.204057491,523.7981744,0.178550038
490.122211,0.133119353,438.7616633,0.198191798,410.6042934,0.207108954,524.1744422,0.171447619
490.6866126,0.128302251,438.7616633,0.196161702,410.5415822,0.20482461,524.7388438,0.179064854
490.8747465,0.13617033,439.5141988,0.198197631,410.9805612,0.210157015,525.1151116,0.172977483
490.8747465,0.134140235,439.5141988,0.196167535,411.1059838,0.207112843,525.8676471,0.180088652
491.2510142,0.127037816,440.2667343,0.197188417,411.1059838,0.205590272,526.0557809,0.176537443
492.1916836,0.132120348,440.2667343,0.195412083,411.7330967,0.213207992,526.2439148,0.182121665
492.0035497,0.127551174,441.0192698,0.196179203,411.6703854,0.210669886,526.6201826,0.184154677
492.7560852,0.129079579,441.0192698,0.194149107,411.4822515,0.209145856,526.8083164,0.178573372
493.3204868,0.138726909,441.3955375,0.192883214,412.4856322,0.215243921,527.3727181,0.180100319
493.6967546,0.135684682,441.7718053,0.197200084,412.4229209,0.212705816,527.7489858,0.18314838
494.2611562,0.136196582,441.7718053,0.195169988,412.234787,0.211689309,528.1252535,0.188226536
494.8255578,0.140768672,442.148073,0.193142809,413.2381677,0.216264803,528.877789,0.191277513
495.0136917,0.138232511,442.148073,0.191112714,413.1754564,0.213726697,528.877789,0.185187226
495.7662272,0.144836156,442.5243408,0.196698394,413.1754564,0.211696601,529.6303245,0.189253251
496.5187627,0.148394657,442.5243408,0.194668298,412.9873225,0.210680095,530.7591278,0.201442576
497.5221433,0.14603399,442.5243408,0.189846821,413.9907032,0.21931578,531.1353955,0.195355205
498.0238337,0.146376228,442.9633198,0.192134081,413.9279919,0.216777674,531.6997972,0.203987488
498.4001014,0.149931813,442.9633198,0.188243064,413.739858,0.215253644,531.5116633,0.199418314
498.4001014,0.148409241,442.7124746,0.186549373,413.739858,0.211193453,532.4523327,0.206023417
498.7763692,0.153994921,443.3395876,0.197212237,414.7432387,0.221351709,532.2641988,0.201454243
498.964503,0.151712522,443.2768763,0.194674132,414.6805274,0.219067366,533.0167343,0.207550364
500.0933063,0.15400513,443.653144,0.192139429,414.4923935,0.217797097,533.7692698,0.212631437
500.469574,0.156038143,444.0294118,0.195695013,415.4957742,0.223387639,533.7692698,0.204511054
500.6577079,0.159084745,444.0294118,0.193664917,415.4330629,0.221103295,534.1455375,0.206544067
501.5983773,0.163659752,444.4683908,0.191130701,415.244929,0.219833027,534.5218053,0.214667366
501.974645,0.160871287,444.7819473,0.188849274,416.1855984,0.225423082,534.7099391,0.211116157
502.7271805,0.162399693,445.158215,0.190628524,416.1855984,0.223392986,534.898073,0.218222951
503.1034483,0.167985373,445.5344828,0.188601345,416.1855984,0.221870414,534.898073,0.216700379
503.2915822,0.163672878,445.9734618,0.19012732,416.75,0.225427457,535.2743408,0.212643104
503.6678499,0.16570589,446.2870183,0.187845893,416.9381339,0.222891296,535.6506085,0.214676117
504.6085193,0.173833565,446.663286,0.192162763,416.9381339,0.221114962,536.0268763,0.216709129
504.4203854,0.172309535,446.663286,0.190132667,417.6906694,0.222389606,536.403144,0.222802333
504.984787,0.168761243,447.0395538,0.188105488,417.6906694,0.220867034,536.7794118,0.224835346
505.7373225,0.166483219,447.0395538,0.186582917,418.4432049,0.222395439,536.7794118,0.219760107
506.1135903,0.174352756,447.2276876,0.190137043,418.4432049,0.220872867,537.1556795,0.226868359
505.9254564,0.17079863,447.7920892,0.187096274,418.8821839,0.224428938,537.7200811,0.224335114
506.3017241,0.180444502,447.7920892,0.185066178,419.0076065,0.221892291,537.908215,0.232456956
506.489858,0.178415865,447.7920892,0.183036083,419.6347194,0.227479915,537.908215,0.226366668
506.3017241,0.176384311,447.7920892,0.181259749,419.5720081,0.224941809,538.2844828,0.228907205
506.8661258,0.183494021,448.168357,0.179486332,419.3838742,0.223417779,538.6607505,0.237538029
506.6779919,0.181969991,448.607336,0.187102594,420.0109872,0.230527976,538.6607505,0.236015457
507.0542596,0.179942812,448.5446247,0.184564488,420.3872549,0.227485749,538.6607505,0.230940217
507.6186613,0.183499855,448.5446247,0.182534392,420.1364097,0.225453709,539.0370183,0.23297323
507.4305274,0.181975824,448.5446247,0.180758059,420.7008114,0.232563419,539.413286,0.242111578
508.433908,0.182660301,449.2971602,0.186600417,420.7008114,0.230533323,539.413286,0.235006242
508.9355984,0.189600351,449.2971602,0.184570322,421.1397904,0.228675805,539.7895538,0.24414459
509.1237323,0.187571713,449.2971602,0.182540226,421.4533469,0.231046681,539.7895538,0.238561827
508.9355984,0.185540159,449.1090264,0.18152372,421.8923259,0.228681639,539.7895538,0.237039255
508.9355984,0.183002539,449.8615619,0.185082221,422.2685936,0.231560524,540.1658215,0.246177603
509.8762677,0.194175358,450.0496957,0.18254606,422.5821501,0.228517811,540.5420892,0.243135376
510.6288032,0.197226335,449.8615619,0.181529553,422.9584178,0.23258092,540.918357,0.245168388
510.4406694,0.195702305,450.8022312,0.182044369,422.9584178,0.230550824,541.8590264,0.253803587
510.4406694,0.193672209,450.8022312,0.180268035,423.3346856,0.228523645,541.8590264,0.249743396
510.4406694,0.191642114,451.5547667,0.180527631,423.7736646,0.232587239,542.423428,0.258375678
511.7576065,0.198250134,451.5547667,0.178497535,423.7109533,0.230049134,542.423428,0.251270343
511.9457404,0.203326831,451.9310345,0.176724118,423.8990872,0.228020496,542.7996957,0.253303356
512.3220081,0.198762033,452.1191684,0.179009434,424.4634888,0.235637731,543.3640974,0.262950686
513.2626775,0.206889708,452.3073022,0.174950701,424.4634888,0.233607635,543.5522312,0.26498224
513.2626775,0.205113374,452.4954361,0.176982255,424.4634888,0.231577539,543.928499,0.267522776
513.0745436,0.20181301,452.68357,0.172923522,424.275355,0.229545985,544.3047667,0.261435406
513.6389452,0.211206578,453.0598377,0.174956535,425.2160243,0.235643564,544.6810345,0.267021086
513.6389452,0.209176482,452.8717039,0.171402409,425.2160243,0.23386723,544.6810345,0.26499099
513.8270791,0.205371511,453.4361055,0.173183118,425.9685598,0.235649398,544.6810345,0.262960894
514.2033469,0.215524907,453.8123732,0.174454845,425.9685598,0.233873064,546.5623732,0.28632158
514.2033469,0.209942143,454.5649087,0.172430582,426.7210953,0.235147707,546.5623732,0.284799008
514.7677485,0.214514234,454.5649087,0.170400487,426.7210953,0.233117612,546.5623732,0.277693673
515.1440162,0.217816057,455.3174442,0.17040632,427.1600744,0.230583395,546.938641,0.288862116
515.520284,0.21604264,455.3174442,0.168376225,427.4736308,0.233123445,546.938641,0.279726685
516.0846856,0.221122254,456.0699797,0.168889582,427.8498986,0.230588742,547.3149087,0.283789794
516.6490872,0.219350296,456.0699797,0.167113248,427.8498986,0.228558647,547.6911765,0.285822806
516.8372211,0.227218375,456.8225152,0.168387892,428.2888776,0.232622241,548.0674442,0.287855819
517.025355,0.225189738,456.8225152,0.166357796,428.4143002,0.22957807,548.443712,0.296486642
516.8372211,0.221128088,456.6343813,0.16534129,429.0414131,0.23465817,548.443712,0.294964071
517.7778905,0.229763287,457.198783,0.163823093,428.790568,0.23262613,548.443712,0.289888831
517.5897566,0.225701637,457.198783,0.162046759,429.7939486,0.2366941,549.1962475,0.303090287
518.3422921,0.232812806,457.3869168,0.165854647,429.7312373,0.234409756,549.1962475,0.293954856
518.3422921,0.228752614,457.9513185,0.163321403,430.4837728,0.238729543,549.5725152,0.304615776
519.2829615,0.233835146,457.9513185,0.161291307,430.4837728,0.236699447,549.5725152,0.295480345
519.0948276,0.231803591,458.703854,0.162312188,430.4837728,0.235176875,549.948783,0.299035929
519.4710953,0.238911843,458.703854,0.160535855,431.2363083,0.238227853,550.3250507,0.303099038
519.8473631,0.234347045,459.4563895,0.161302974,431.2363083,0.236197757,551.453854,0.308690551
520.7880325,0.242982244,459.4563895,0.159272878,431.2363083,0.234675185,551.453854,0.306660456
520.9761663,0.239431034,459.4563895,0.157242783,431.8007099,0.236709656,551.453854,0.305137884
522.2931034,0.24680034,460.0207911,0.159784778,431.9888438,0.234681019,551.8301217,0.315291279
522.1049696,0.245022548,460.2089249,0.15775614,432.7413793,0.234686852,552.2063895,0.317324292
522.4812373,0.250608228,460.2089249,0.155726044,433.5566261,0.234862347,552.5826572,0.319357305
522.6693712,0.248072067,460.647904,0.154037701,434.2464503,0.235713567,552.9589249,0.321390317
522.4812373,0.242995369,461.3377282,0.151167079,434.2464503,0.233683472,553.1470588,0.315809012
523.2337728,0.255689301,461.7139959,0.148886138,434.9989858,0.234196829,553.8995943,0.322412657
523.4219067,0.254168188,462.0902637,0.150665389,434.9989858,0.232420495,553.7114604,0.317335959
524.1744422,0.258487975,462.4665314,0.14863821,435.7515213,0.232680091,554.0877282,0.32038402
524.7388438,0.263313828,462.6546653,0.150669764,435.7515213,0.231157519,557.0978702,0.320407354
525.7422245,0.2660284,463.0309331,0.148642585,436.5040568,0.233700973,557.6622718,0.328024588
525.4913793,0.261797089,463.9716024,0.144589686,436.5040568,0.232178401,558.2266734,0.32752144
526.0557809,0.270429372,464.3478702,0.142816269,437.2565923,0.233706806,558.2266734,0.319401057
526.6201826,0.271448795,464.3478702,0.140532411,437.2565923,0.231930472,558.6029412,0.324479213
526.9964503,0.275004379,464.3478702,0.138502315,438.0718391,0.233713126,559.1673428,0.318900825
526.9964503,0.273481807,464.7241379,0.144087996,438.0091278,0.23117502,559.9198783,0.32296685
527.1845842,0.269423074,465.163117,0.141553779,438.0091278,0.229144924,560.1080122,0.315355449
527.7489858,0.279070404,465.1004057,0.139269435,438.7616633,0.234733521,561.2368154,0.306228769
527.7489858,0.273995165,464.9122718,0.137999167,438.7616633,0.232703425,561.2368154,0.304198673
528.3133874,0.281104875,471.8732252,0.118259694,438.7616633,0.23067333,561.9893509,0.30978727
528.5015213,0.277553666,472.3122042,0.11657135,438.7616633,0.228643234,561.9893509,0.308264698
528.877789,0.285169442,472.8138945,0.117251938,438.7616633,0.227120662,562.1774848,0.299638249
528.877789,0.283139346,483.9137931,0.099067122,439.5141988,0.234231831,562.7418864,0.302180244
529.0659229,0.281110709,484.3527721,0.097209604,439.5141988,0.232201735,563.1181542,0.29304773
529.2540568,0.286694931,485.0425963,0.097045777,439.5141988,0.230171639,563.8706897,0.296606231
529.6303245,0.290758039,485.0425963,0.095523205,439.5141988,0.228141544,563.8706897,0.294576136
530.1947262,0.295076368,485.7951318,0.09705161,439.5141988,0.22636521,563.8706897,0.293053564
530.1947262,0.288478556,485.7951318,0.095529038,440.2667343,0.232715093,564.2469574,0.28392105
530.38286,0.290763873,486.5476673,0.095534872,440.2667343,0.230684997,564.6232252,0.276818631
531.009973,0.298719942,486.5476673,0.0940123,440.2667343,0.228654901,564.9994929,0.274283928
530.7591278,0.295842029,487.3002028,0.09351061,440.2667343,0.226624805,564.9994929,0.272253833
530.7591278,0.293304409,487.3002028,0.091480514,440.8311359,0.230689372,565.7520284,0.280887573
531.5116633,0.301430626,488.0527383,0.0904713,441.0192698,0.228660735,565.9401623,0.27429122
531.5116633,0.299908054,488.0527383,0.088948728,441.0192698,0.226630639,566.1282961,0.262619628
531.5116633,0.29686291,488.8052738,0.088954562,441.3955375,0.224857222,566.8808316,0.267193177
532.0760649,0.306764002,488.8052738,0.08743199,441.7718053,0.226128949,566.8808316,0.265163082
532.6404665,0.306007092,489.5578093,0.088960395,441.7718053,0.223337567,566.8808316,0.263132986
533.2048682,0.307026515,489.5578093,0.087437823,442.2107843,0.221564636,566.8808316,0.261610414
533.6438472,0.311597633,490.3103448,0.088966229,442.5243408,0.22461221,566.8808316,0.251967459
533.393002,0.309565593,490.3103448,0.086936133,442.9006085,0.222585032,566.8808316,0.249937363
533.9574037,0.316929065,490.8747465,0.088970604,442.9006085,0.220554936,566.8808316,0.248414792
534.3336714,0.315155648,491.0628803,0.086434443,442.9006085,0.21852484,567.6333671,0.253495865
534.1455375,0.31007895,491.0628803,0.084404347,443.3395876,0.226648626,567.821501,0.238779129
534.7099391,0.31972628,491.0628803,0.082374251,443.2768763,0.22411052,568.7621704,0.242846612
535.4624746,0.327344973,491.0628803,0.080851679,443.653144,0.222337103,568.7621704,0.240816517
535.4624746,0.324553591,491.8154158,0.083395133,444.0294118,0.226653973,568.7621704,0.238786421
535.2743408,0.318208084,491.8154158,0.081365037,444.0294118,0.224623878,568.7621704,0.236756325
535.8387424,0.330646795,491.8154158,0.079842465,444.4683908,0.222935534,568.7621704,0.228635942
536.2150101,0.332679808,492.5679513,0.082385918,445.158215,0.222602532,568.7621704,0.226605846
536.0268763,0.328364396,492.5679513,0.080355823,445.158215,0.220572437,568.7621704,0.22457575
536.6539892,0.335136243,492.3798174,0.079339316,445.5971941,0.218884093,569.1384381,0.234221622
536.403144,0.330904933,493.3204868,0.081884228,445.7226166,0.22159186,569.1384381,0.222041048
537.3438134,0.340555179,493.3204868,0.080107894,446.2870183,0.219058615,569.8909736,0.227122121
537.3438134,0.338778846,494.0730223,0.081890062,446.2870183,0.217028519,569.8909736,0.224584501
537.1556795,0.334970958,494.0730223,0.080113728,447.0395538,0.217541877,569.8909736,0.223061929
537.7827924,0.344280425,494.8255578,0.080880847,447.0395538,0.215765543,569.8909736,0.214941546
537.5319473,0.342586734,494.8255578,0.078850752,447.7920892,0.217547711,569.8909736,0.210881354
538.4726166,0.348684313,495.6408046,0.081902215,447.7920892,0.215517615,570.2672414,0.220019702
538.2844828,0.344622663,495.5780933,0.079364109,447.7920892,0.213487519,570.6435091,0.217992523
539.2251521,0.355287958,495.3899594,0.078347603,448.168357,0.21146034,570.6435091,0.21494738
539.2251521,0.353257862,496.3306288,0.08292261,448.5446247,0.217553544,570.6435091,0.20733452
539.2251521,0.351481528,496.3306288,0.080892515,448.5446247,0.215523448,570.6435091,0.205304425
539.0370183,0.349196212,496.3306288,0.078862419,448.5446247,0.213493353,570.6435091,0.203274329
539.6641312,0.361381648,496.8950304,0.081911938,448.9208925,0.211466174,571.0197769,0.212920201
539.6014199,0.358843542,497.0831643,0.0798833,449.2971602,0.217051854,571.3960446,0.193637208
539.413286,0.357319512,497.0831643,0.077853205,449.2971602,0.215021758,571.7723124,0.205313175
540.3539554,0.367477283,497.459432,0.075826026,449.2971602,0.212991662,571.7723124,0.203283079
540.1658215,0.363415633,497.8356998,0.077351514,449.2971602,0.210200281,571.7723124,0.201252984
540.1658215,0.361893061,497.8356998,0.074560133,449.8615619,0.214518609,571.7723124,0.199222888
540.1658215,0.359355441,498.5882353,0.076849824,450.0496957,0.212489972,571.7723124,0.191102505
540.7929344,0.371540877,498.5882353,0.075327252,450.0496957,0.210459876,572.7129817,0.189079701
540.5420892,0.369508837,499.3407708,0.076855657,450.0496957,0.20842978,572.5248479,0.18095786
540.5420892,0.364941121,499.3407708,0.075079324,450.0496957,0.206653447,572.5248479,0.177912716
540.918357,0.36646661,499.7797498,0.073137218,450.6140974,0.211479299,572.5248479,0.176390144
541.4827586,0.376367702,499.9051724,0.075844985,450.6140974,0.209449204,572.5248479,0.174360048
541.2946247,0.37205229,500.469574,0.073819264,450.8022312,0.207420566,572.9011156,0.185528492
541.6708925,0.374085303,500.469574,0.072296692,450.8022312,0.205897994,573.2773834,0.179441121
542.2980054,0.380687975,501.2221095,0.073825098,451.5547667,0.206411352,573.2773834,0.167260547
542.2352941,0.378403631,501.2221095,0.072302526,451.5547667,0.204381256,573.6536511,0.176906419
542.0471602,0.376625839,501.974645,0.074845979,451.5547667,0.20235116,573.6536511,0.175383847
542.6742732,0.384751084,501.974645,0.072815884,451.5547667,0.200574827,573.6536511,0.172338703
542.7996957,0.382214436,502.7271805,0.075359337,452.3073022,0.203372042,573.6536511,0.165740892
543.4268087,0.391862252,502.7271805,0.073329241,452.3073022,0.201341946,573.6536511,0.159650605
543.3640974,0.389577909,502.7271805,0.071806669,452.3073022,0.19931185,574.0299189,0.157115902
543.1759635,0.38830764,503.479716,0.072320027,452.68357,0.198045957,574.4061866,0.153566151
543.1759635,0.383739925,503.479716,0.070289931,453.0598377,0.200332732,574.5943205,0.150522466
543.8030764,0.394910313,504.2322515,0.072833384,453.4361055,0.198305553,574.7824544,0.161689451
543.928499,0.401001572,504.2322515,0.070803289,453.8123732,0.200338565,574.7824544,0.158644307
544.1166329,0.397957887,504.2322515,0.069026955,453.8123732,0.196532136,574.7824544,0.157121735
543.928499,0.391866141,504.984787,0.073346742,454.2513523,0.198311873,575.5349899,0.149007186
543.928499,0.39034357,504.984787,0.071316646,454.62762,0.195269646,575.5349899,0.140379279
544.4929006,0.409633855,504.984787,0.06928655,454.5649087,0.19273154,575.5349899,0.138349183
544.4929006,0.406588711,504.984787,0.067256455,454.7530426,0.198315762,575.5349899,0.136319087
544.3047667,0.404049633,504.7966531,0.066239948,455.3174442,0.195782517,575.9112576,0.133784384
545.0573022,0.410145754,505.7373225,0.069292384,455.3174442,0.193752421,576.2875254,0.138862541
545.0573022,0.408115658,505.7373225,0.067262288,455.3174442,0.191976088,576.2875254,0.131757206
545.0573022,0.406593086,505.5491886,0.066245782,456.0699797,0.192235683,576.6637931,0.136327838
545.6217039,0.420300608,506.5525693,0.069806228,456.0699797,0.190459349,576.6637931,0.134805266
545.6217039,0.416494178,506.3017241,0.067774187,456.8225152,0.191226469,576.6637931,0.129730027
545.6217039,0.413956558,507.3051048,0.071842157,456.8225152,0.189196373,577.0400609,0.124657704
545.43357,0.41268629,507.2423935,0.069557813,456.8225152,0.187420039,577.4163286,0.122123001
545.9979716,0.418019667,507.994929,0.072862552,457.2614943,0.185477934,577.4163286,0.120092905
546.3742394,0.425889205,507.994929,0.070832457,457.5750507,0.189709731,577.4163286,0.11806281
546.3742394,0.424112871,507.994929,0.069056123,457.5750507,0.187679635,577.7925963,0.127708681
546.1861055,0.422842603,508.7474645,0.072868386,457.9513185,0.185144932,578.5451318,0.120101656
546.7505071,0.428175979,508.7474645,0.07083829,457.9513185,0.183368598,578.5451318,0.11807156
546.938641,0.432998915,508.7474645,0.068808195,458.1394523,0.187176486,578.5451318,0.116041464
547.1267748,0.430208992,509.5,0.075411839,458.3275862,0.181087657,578.9213996,0.113506761
546.938641,0.424878532,509.5,0.073381744,458.3275862,0.179311324,578.9213996,0.103356283
547.5030426,0.43554091,509.5,0.071351648,458.5157201,0.185149307,579.4858012,0.108943421
547.8793103,0.439604018,509.3118661,0.070335142,458.703854,0.18312067,579.2976673,0.098791484
547.6911765,0.431989701,510.2525355,0.072880053,458.7665652,0.176184996,579.2976673,0.096761388
548.0674442,0.437575381,510.2525355,0.070849958,459.0801217,0.181093491,579.2976673,0.094731292
548.443712,0.440623441,510.6288032,0.069330303,459.0801217,0.179063395,579.2976673,0.093208721
549.0081136,0.446464342,511.005071,0.072885887,459.4563895,0.177036216,580.0502028,0.099304841
549.0081136,0.444434246,511.005071,0.070855791,459.2682556,0.175512186,580.4264706,0.096770139
548.8199797,0.439103786,511.3813387,0.069589898,460.2089249,0.17704205,581.1790061,0.087133017
549.7606491,0.45484432,511.7576065,0.073906768,460.5851927,0.175268633,581.36714,0.083581808
549.7606491,0.453067987,511.7576065,0.071876673,460.9614604,0.17654036,581.5552738,0.090688602
549.7606491,0.450276605,512.1338742,0.069849494,461.0241717,0.172988178,581.9315416,0.076988372
549.5725152,0.447737527,512.1338742,0.067819398,460.7733266,0.171463662,582.3078093,0.08612672
549.5725152,0.445707431,512.8864097,0.069855327,461.3377282,0.169945465,582.3078093,0.082066528
550.5131846,0.462970537,512.8864097,0.067825232,461.5258621,0.174007115,582.3078093,0.074453669
550.3250507,0.456371268,513.7016565,0.070876695,461.5258621,0.171977019,582.3078093,0.072423573
550.7013185,0.457896756,513.4508114,0.068844655,461.7139959,0.167918286,582.6840771,0.069888871
551.2657201,0.464498943,514.015213,0.073416745,462.0902637,0.169443775,583.0603448,0.074967027
551.2657201,0.461707561,514.454192,0.070882529,462.152975,0.166060768,583.0603448,0.067861692
551.0775862,0.460437293,514.3914807,0.068598185,462.8427992,0.166404465,583.4366126,0.073447372
551.453854,0.468560592,515.2067275,0.071057537,462.8427992,0.164374369,583.4366126,0.0719248
551.8301217,0.467040937,514.9558824,0.069363846,463.2190669,0.161839666,583.8128803,0.069897621
551.8301217,0.465518366,515.8965517,0.071908757,463.4072008,0.165901316,583.8128803,0.065837429
552.3945233,0.472374314,515.7084178,0.070384727,463.5953347,0.163365155,584.3772819,0.062289137
552.3945233,0.470090456,516.7117985,0.071915077,463.9716024,0.160830452,585.3179513,0.063311477
552.7707911,0.478213756,517.4016227,0.072935473,464.3478702,0.162863464,585.3179513,0.061788905
552.7707911,0.476691184,517.4016227,0.070905377,464.3478702,0.159057035,585.3179513,0.054176046
552.5826572,0.474152106,517.7778905,0.069639484,464.7241379,0.160836286,585.3179513,0.052653474
553.1470588,0.483545674,518.1541582,0.071926258,465.1004057,0.162361774,585.6942191,0.059761726
553.5233266,0.481772257,518.530426,0.070406603,465.163117,0.158809593,585.8823529,0.05012023
553.7114604,0.483296288,518.969405,0.072101753,465.6648073,0.161858625,586.0704868,0.055704451
554.0877282,0.481776633,519.6592292,0.072952973,465.8529412,0.159322464,586.6348884,0.048095968
555.4046653,0.484324461,519.6592292,0.07117664,465.8529412,0.157292368,587.1992901,0.045562723
556.9097363,0.488903844,520.474476,0.073974341,465.8529412,0.155769797,588.7043611,0.04557439
557.6622718,0.486118296,520.2236308,0.071942301,466.6054767,0.157298202,589.2687627,0.037965906
558.2266734,0.485868909,521.1643002,0.074487212,466.6054767,0.155268106,589.4568966,0.043550128
558.6029412,0.490947065,521.1643002,0.072457117,466.4173428,0.1542516,589.8331643,0.040507901
559.9198783,0.483598177,521.9168357,0.073985522,467.0444557,0.152733889,590.209432,0.032897959
560.296146,0.481317236,521.9168357,0.07246295,466.9817444,0.150195784,590.209432,0.031375387
560.3588573,0.47252064,522.6693712,0.075006404,466.7936105,0.149179277,590.5856998,0.029348208
560.8605477,0.474216276,522.6693712,0.07323007,467.1698783,0.155780005,590.9619675,0.035441412
560.8605477,0.47218618,523.0456389,0.079069512,467.3580122,0.147661081,591.5263692,0.032908168
560.8605477,0.464573321,523.0456389,0.077039416,467.3580122,0.145630985,592.0907708,0.028344828
561.2368154,0.470666525,523.484618,0.075012723,467.546146,0.151722731,593.9721095,0.022269124
561.4249493,0.467115316,523.6100406,0.078058839,467.7342799,0.149186569,595.8534483,0.023298756
561.6130832,0.461026487,524.1744422,0.076033119,467.7342799,0.14411133,599.6161258,0.016222589
562.5537525,0.456973588,524.1744422,0.074256785,468.173259,0.146652353,600.3686613,0.015213375
562.5537525,0.455197254,524.989689,0.076039438,468.4868154,0.14360964,,
562.3656187,0.453419462,524.7388438,0.074514922,468.8630832,0.147165224,,
562.9300203,0.448094835,525.6795132,0.077059834,468.8630832,0.145135128,,
562.7418864,0.445809519,525.6795132,0.075537262,468.9257945,0.141582947,,
562.7418864,0.444286947,526.4320487,0.078080715,469.4274848,0.142601884,,
563.4944219,0.448352973,526.2439148,0.076556685,469.6156187,0.140065722,,
563.4944219,0.444292781,527.2472955,0.079102083,469.6156187,0.138035627,,
563.4944219,0.434649826,526.9964503,0.077577567,470.0545977,0.135839759,,
563.4944219,0.433127254,527.9371197,0.080630002,470.1800203,0.138547526,,
564.0588235,0.436430535,527.9371197,0.078599906,470.7444219,0.136014281,,
563.8706897,0.431607599,527.9371197,0.077077335,470.7444219,0.133984186,,
563.8706897,0.429577504,528.6896552,0.079620788,471.1834009,0.131449969,,
564.0588235,0.427548866,528.6896552,0.077590692,471.3088235,0.134496085,,
564.811359,0.429331034,528.6896552,0.075560596,471.6850913,0.132468906,,
564.6232252,0.42349305,529.504902,0.079119584,471.8732252,0.130440268,,
564.811359,0.420956889,529.4421907,0.076581478,471.8732252,0.128410173,,
564.6232252,0.419432858,529.2540568,0.075057448,471.8732252,0.126380077,,
564.6232252,0.417402763,530.2574375,0.082170561,472.6257606,0.128416006,,
565.3757606,0.418931168,530.1947262,0.079632455,472.6257606,0.12638591,,
565.3757606,0.414363453,530.1947262,0.077856121,473.3782961,0.127406792,,
565.5638945,0.412334815,530.0065923,0.076585853,473.3782961,0.125376696,,
565.5638945,0.410050958,530.9472617,0.084206004,473.8172752,0.123688353,,
565.3757606,0.408273165,530.9472617,0.082175908,474.1308316,0.125890054,,
565.5638945,0.405737004,530.9472617,0.080399575,474.5070994,0.123355351,,
565.3757606,0.404720498,531.6997972,0.08319679,474.5070994,0.121832779,,
565.7520284,0.402185795,531.5116633,0.08167276,474.8833671,0.12488084,,
565.7520284,0.400663223,532.5150439,0.083372284,475.3223462,0.122346623,,
565.9401623,0.39660449,532.8913117,0.08625117,475.2596349,0.119808517,,
565.7520284,0.395587984,533.0167343,0.083206999,475.2596349,0.118285945,,
566.1282961,0.406756427,533.5811359,0.087271565,475.8240365,0.122350512,,
566.31643,0.392293453,533.5811359,0.085495232,476.0121704,0.120321874,,
566.5045639,0.399654009,534.3963827,0.087277885,476.0121704,0.118291779,,
566.5045639,0.390011054,534.1455375,0.085753369,476.0121704,0.116515445,,
566.5045639,0.387980958,535.1489182,0.088298767,476.7647059,0.118805136,,
566.5045639,0.385950862,534.898073,0.086266726,476.7647059,0.11677504,,
566.5045639,0.383920767,535.9014537,0.090334696,476.7647059,0.114744945,,
566.8808316,0.382401112,535.6506085,0.088302656,476.9528398,0.111701259,,
567.2570994,0.377836313,536.5912779,0.092370139,477.3291075,0.11728694,,
567.4452333,0.376061438,536.5912779,0.090593806,477.3291075,0.115256844,,
567.4452333,0.373270056,537.4065247,0.093391507,477.3291075,0.113226748,,
567.2570994,0.37225355,537.1556795,0.091359467,478.7087559,0.106470457,,
567.821501,0.370989115,538.1590602,0.095427436,479.3985801,0.107152503,,
567.821501,0.368197733,538.0963489,0.093143092,479.3985801,0.105122408,,
567.821501,0.366167638,538.9115957,0.098478414,479.3985801,0.103092312,,
567.821501,0.364391304,538.8488844,0.095940308,479.7748479,0.101826419,,
567.821501,0.362361208,538.8488844,0.094163974,480.2138269,0.106143775,,
567.821501,0.359316064,539.6014199,0.100513857,480.1511156,0.103605669,,
568.0096349,0.376319575,539.6014199,0.098737523,480.9036511,0.10716417,,
568.3859026,0.357036582,540.3539554,0.101534738,480.9036511,0.105134075,,
568.5740365,0.349425181,540.3539554,0.099504643,480.9036511,0.103103979,,
568.9503043,0.353234528,541.1064909,0.10255562,481.6561866,0.103617337,,
568.7621704,0.351456735,541.1064909,0.100525524,481.6561866,0.101587241,,
568.7621704,0.347904068,541.8590264,0.102561453,481.6561866,0.099557145,,
569.326572,0.339280536,541.8590264,0.10078512,481.6561866,0.098034573,,
569.326572,0.337504202,542.6742732,0.103582821,482.4087221,0.100578026,,
569.7028398,0.343089882,542.423428,0.101550781,482.4087221,0.098547931,,
569.5147059,0.335221803,543.4268087,0.104603702,482.4087221,0.096517835,,
569.5147059,0.333191707,543.1759635,0.103079186,482.4087221,0.094487739,,
569.5147059,0.331161611,544.1793442,0.10765468,482.9731237,0.097029734,,
569.7028398,0.325072783,544.1166329,0.105370336,483.1612576,0.094493573,,
569.7028398,0.323296449,543.928499,0.104100068,483.1612576,0.092463477,,
570.0791075,0.328882129,544.8691684,0.110705171,483.9137931,0.093484359,,
569.8909736,0.327104337,544.8691684,0.108675075,483.9137931,0.091454263,,
570.2672414,0.32152449,544.6810345,0.106643521,483.7256592,0.090437756,,
570.2672414,0.314926679,545.3081474,0.11273867,484.6663286,0.09196762,,
570.4553753,0.313151804,546.0606829,0.114774599,484.6663286,0.090191287,,
570.6435091,0.317974739,545.8098377,0.112742559,485.4188641,0.091973454,,
570.6435091,0.316452168,546.7505071,0.116810042,485.4188641,0.089943358,,
570.831643,0.311632149,546.7505071,0.115033708,485.4188641,0.088167024,,
570.8943543,0.309010428,547.1267748,0.118843055,485.8578431,0.08588657,,
571.2079108,0.304783492,547.5030426,0.116815876,485.606998,0.084362053,,
571.2079108,0.302753396,547.8793103,0.118848888,486.1713996,0.090456716,,
571.2079108,0.300723301,548.2555781,0.117582995,486.1713996,0.088680382,,
571.3960446,0.298694663,548.6945571,0.119870256,486.1713996,0.082843857,,
571.3960446,0.296664568,548.8199797,0.117333609,486.5476673,0.084369345,,
571.5841785,0.294382168,549.4470926,0.121906185,486.9866464,0.081835128,,
571.3960446,0.2931119,549.1962475,0.119874145,487.6764706,0.081332952,,
571.3960446,0.29057428,550.1996281,0.123942115,487.6764706,0.079302856,,
571.5841785,0.288038119,549.948783,0.121910074,488.4290061,0.07930869,,
572.1485801,0.29261021,550.9521636,0.125978044,488.4290061,0.077278594,,
572.1485801,0.290580114,550.7013185,0.123946004,489.1815416,0.077284428,,
572.1485801,0.288550018,551.7046991,0.128013973,489.1815416,0.075254332,,
572.1485801,0.286519922,551.453854,0.125981933,489.6205206,0.072720115,,
572.1485801,0.284489827,552.4572346,0.130049903,489.5578093,0.070689533,,
572.1485801,0.282967255,552.3945233,0.127765559,489.7459432,0.077796327,,
572.336714,0.27992357,552.2063895,0.126495291,489.7459432,0.075766231,,
572.1485801,0.278907063,553.1470588,0.133100394,490.3103448,0.072725463,,
572.336714,0.27484833,553.1470588,0.131070298,490.3103448,0.070695367,,
572.1485801,0.273831824,553.1470588,0.129293964,490.6866126,0.06892195,,
572.7129817,0.271806103,552.9589249,0.127516172,491.0628803,0.072223772,,
572.7129817,0.269268484,553.8995943,0.13209118,491.0628803,0.070193677,,
572.9011156,0.278912897,553.8995943,0.130061084,491.4391481,0.067658974,,
572.9011156,0.273837657,554.6521298,0.131081965,491.4391481,0.06588264,,
573.0892495,0.266987543,554.6521298,0.129305632,491.6272819,0.069690528,,
572.9011156,0.26520975,555.4046653,0.130072751,491.8154158,0.063855461,,
573.0892495,0.262673589,555.4046653,0.128550179,492.0035497,0.067663349,,
573.0892495,0.261151017,556.1572008,0.130078585,492.1916836,0.065634712,,
573.5282285,0.256079181,556.1572008,0.128556013,492.1916836,0.062082044,,
573.4655172,0.253541075,558.0385396,0.130093169,492.6306626,0.063608019,,
573.841785,0.251767658,558.0385396,0.128570597,493.3204868,0.063105842,,
574.0299189,0.25608307,558.7910751,0.130099002,493.3204868,0.06158327,,
574.0299189,0.249992783,559.6063218,0.130443671,494.0730223,0.062604152,,
574.0299189,0.247962687,560.296146,0.130618193,494.0730223,0.060574056,,
574.2180527,0.24593405,560.296146,0.128588098,494.0730223,0.058797722,,
574.2180527,0.243903954,560.8605477,0.130115045,494.6374239,0.061593479,,
574.2180527,0.241873858,561.0486815,0.128086407,494.8255578,0.059564842,,
574.0299189,0.239842304,561.0486815,0.126056312,494.8255578,0.057534746,,
574.5943205,0.237309059,561.0486815,0.124026216,495.5780933,0.058048104,,
574.4061866,0.235785029,561.4249493,0.122252799,495.5780933,0.05627177,,
574.5943205,0.234010154,561.801217,0.125554621,496.3306288,0.057546413,,
574.5943205,0.227666105,561.801217,0.123524526,496.3306288,0.05577008,,
574.9705882,0.231729213,562.2401961,0.120990309,497.0831643,0.056537199,,
574.9705882,0.229952879,562.5537525,0.123530359,497.0831643,0.054507103,,
574.9705882,0.225892688,562.9927316,0.120996142,497.0831643,0.052477008,,
575.1587221,0.22767048,562.9300203,0.118711799,497.459432,0.051211115,,
575.1587221,0.223610288,563.6825558,0.118971394,497.8356998,0.055020461,,
575.1587221,0.221580192,564.0588235,0.117197977,497.8356998,0.052990365,,
575.346856,0.219551555,564.4350913,0.118469704,497.8984111,0.049438184,,
575.346856,0.217521459,564.4350913,0.115678322,497.6475659,0.047913667,,
575.346856,0.215491364,564.8740703,0.113905391,498.5882353,0.054011247,,
575.346856,0.21371503,565.1876268,0.116445442,498.5882353,0.051981151,,
575.7231237,0.211687851,565.2503381,0.111201514,498.5882353,0.049951055,,
575.9112576,0.218540882,565.3757606,0.11390928,498.4001014,0.048934549,,
575.9112576,0.213465643,565.9401623,0.111376036,499.1526369,0.05249305,,
575.9112576,0.209405452,565.9401623,0.10934594,499.3407708,0.049956889,,
576.0993915,0.20686929,565.9401623,0.107315844,499.3407708,0.047926793,,
575.9112576,0.205852784,566.5045639,0.109857839,500.0933063,0.049455198,,
576.0993915,0.202301575,566.6926978,0.107829202,500.0933063,0.047425103,,
576.4756592,0.199766872,566.6926978,0.105799106,500.0933063,0.045395007,,
576.4756592,0.197736776,566.6926978,0.10376901,500.469574,0.043367828,,
576.4756592,0.19570668,567.4452333,0.103774844,500.8458418,0.046923412,,
576.4756592,0.194184109,567.4452333,0.10199851,500.8458418,0.044893317,,
577.0400609,0.197233627,567.8842123,0.099718055,500.8458418,0.041848173,,
577.0400609,0.195203532,568.0096349,0.102764171,501.5983773,0.045406674,,
577.0400609,0.193173436,568.5740365,0.099215879,501.5983773,0.043376578,,
577.0400609,0.19114334,568.5740365,0.097185783,501.4102434,0.041852548,,
577.2281947,0.188607179,568.5740365,0.095155687,502.3509128,0.044904984,,
577.2281947,0.186577083,568.9503043,0.092874746,502.3509128,0.042874888,,
577.2281947,0.184800749,569.1384381,0.096682634,502.3509128,0.041352316,,
577.7925963,0.187088982,569.326572,0.094146473,502.9153144,0.043386787,,
577.7925963,0.182013743,569.765551,0.091612256,503.1034483,0.04135815,,
577.7925963,0.179983647,569.7028398,0.089074151,503.1034483,0.039835578,,
577.9807302,0.17414858,570.4553753,0.089079984,503.8559838,0.041363983,,
578.1688641,0.177956468,570.4553753,0.087049888,503.8559838,0.03958765,,
578.1688641,0.176433896,570.831643,0.085276471,504.6085193,0.041369817,,
578.1688641,0.171866181,570.8943543,0.082485576,504.6085193,0.039339721,,
578.1688641,0.169836085,571.0197769,0.087561788,504.984787,0.037312542,,
578.356998,0.16806121,571.2079108,0.079696625,504.984787,0.035282446,,
578.356998,0.16552359,571.5841785,0.082998447,504.984787,0.033252351,,
578.795977,0.163750659,571.3960446,0.081474417,505.1729209,0.041374192,,
578.9213996,0.166796775,571.5841785,0.077669446,505.1729209,0.039344096,,
578.9213996,0.160706488,571.9604462,0.078941173,505.3610548,0.031986458,,
579.1095335,0.154617659,571.9604462,0.076149791,505.5491886,0.03630187,,
579.4858012,0.158173243,572.3994253,0.07437686,505.7373225,0.034273232,,
579.4858012,0.156143147,572.5248479,0.077422976,506.1135903,0.032499815,,
579.4858012,0.153098004,572.7129817,0.071587909,506.489858,0.034279066,,
579.4858012,0.150814146,572.9011156,0.075395797,506.8661258,0.032759411,,
579.4858012,0.143201287,573.0892495,0.072859636,507.2423935,0.034284899,,
579.862069,0.148025681,573.5282285,0.070325419,507.6186613,0.033019006,,
579.6739351,0.147009175,574.0299189,0.070329308,507.994929,0.035305781,,
579.862069,0.14142787,574.2180527,0.067793147,507.994929,0.031245589,,
580.0502028,0.14548952,574.2180527,0.065763051,508.3711968,0.033278602,,
580.0502028,0.143966948,574.0299189,0.064746545,508.3711968,0.02921841,,
580.2383367,0.139400691,574.6570318,0.063228834,508.7474645,0.035311615,,
580.6146045,0.137881036,574.5943205,0.061198252,508.7474645,0.031251423,,
580.9908722,0.134331285,574.7824544,0.06627495,508.7474645,0.027698755,,
580.9908722,0.132047428,575.1587221,0.062217675,509.1237323,0.033284436,,
580.9908722,0.130017332,575.346856,0.059681514,509.1237323,0.029224244,,
581.36714,0.127736391,575.346856,0.057651418,509.5,0.034809924,,
581.36714,0.122407389,575.1587221,0.056634912,509.5627113,0.031257743,,
581.5552738,0.132813089,575.785835,0.055117202,509.5,0.028212113,,
581.7434077,0.124694164,575.9112576,0.058163317,510.2525355,0.031770614,,
581.9315416,0.121142955,576.0993915,0.052074489,510.2525355,0.029740518,,
582.1196755,0.119114317,576.4756592,0.055630073,510.0644016,0.028724012,,
582.1196755,0.115815412,576.4756592,0.053599977,511.005071,0.030253876,,
582.5586545,0.114042481,576.851927,0.051572798,511.005071,0.02822378,,
582.6840771,0.119118693,577.0400609,0.055126924,511.7576065,0.029752186,,
582.6840771,0.117088597,577.2281947,0.053098287,511.7576065,0.02772209,,
582.6840771,0.11099831,577.6671738,0.051071594,511.5694726,0.026705584,,
582.872211,0.109223434,577.6044625,0.048533488,512.1338742,0.025187387,,
582.872211,0.105924529,578.1688641,0.051075483,512.510142,0.0272204,,
583.2484787,0.103643588,578.356998,0.048539322,512.510142,0.023160208,,
583.2484787,0.101613492,578.356998,0.046509226,512.8864097,0.025193221,,
583.6247465,0.098825027,578.795977,0.044313359,512.8864097,0.021386791,,
583.8128803,0.100856581,579.1095335,0.04651506,513.3253888,0.027226719,,
584.0010142,0.096797848,579.5485125,0.043980843,513.3253888,0.023166528,,
584.3772819,0.094009383,579.4858012,0.041442737,514.015213,0.029262163,,
584.5654158,0.095787175,579.4858012,0.039412641,514.015213,0.027232067,,
584.7535497,0.091982204,579.4858012,0.037382546,514.015213,0.025201971,,
584.7535497,0.089698347,580.2383367,0.040433523,514.015213,0.023425637,,
584.9416836,0.093759997,580.2383367,0.038403427,514.5796146,0.027236442,,
585.1298174,0.086909882,580.2383367,0.036627093,514.7677485,0.025207805,,
585.1298174,0.082595928,580.9908722,0.039931832,514.7677485,0.023431471,,
585.3179513,0.092240342,580.9908722,0.037901737,515.520284,0.02419859,,
585.5060852,0.084628941,581.4298513,0.036213393,515.520284,0.022168495,,
585.6942191,0.082600303,581.7434077,0.038415094,516.2728195,0.023189376,,
585.8823529,0.080571666,582.1196755,0.035880391,516.2728195,0.021666804,,
585.8823529,0.07854157,582.1196755,0.033850296,517.025355,0.02319521,,
586.2586207,0.076514391,582.4959432,0.031823117,517.025355,0.021165114,,
586.4467546,0.079560993,582.4959432,0.030300545,517.4016227,0.019391697,,
586.6975997,0.074656873,582.6840771,0.033854671,517.5897566,0.023199585,,
586.4467546,0.072963182,583.0603448,0.031827492,517.7778905,0.021170948,,
587.0111562,0.069668652,583.2484787,0.029798855,518.2168695,0.019144255,,
587.3874239,0.070940378,583.2484787,0.028276283,518.1541582,0.017113673,,
587.7636917,0.067898152,584.0010142,0.029297164,518.969405,0.021180184,,
587.7636917,0.065360532,584.0010142,0.02752083,518.9066937,0.01889584,,
588.1399594,0.061557019,584.7535497,0.02828795,518.7185598,0.017118048,,
588.3280933,0.065364907,584.7535497,0.026257854,519.6592292,0.022200579,,
588.7043611,0.06232268,585.1925287,0.023892812,519.6592292,0.020424246,,
588.7043611,0.060800108,585.3179513,0.026769753,520.4117647,0.021698889,,
588.7043611,0.056739917,585.8823529,0.024236509,520.4117647,0.019668793,,
589.0806288,0.055220262,585.8823529,0.022460175,520.7880325,0.017387852,,
589.4568966,0.058268322,586.6348884,0.022719771,520.9761663,0.02119574,,
590.209432,0.054721488,586.6348884,0.020943437,521.1643002,0.019167103,,
590.4602772,0.049479019,587.3874239,0.021203032,521.540568,0.017139924,,
590.5856998,0.052186786,587.3874239,0.019426699,521.540568,0.015109828,,
591.1501014,0.047369683,588.1399594,0.019686294,521.540568,0.013587256,,
591.9026369,0.043822849,588.5789385,0.017659601,522.2931034,0.017145758,,
592.6551724,0.039007206,588.3280933,0.016135085,522.2931034,0.015115662,,
592.8433063,0.041546284,589.2687627,0.018172473,522.2931034,0.01359309,,
592.8433063,0.035455996,589.2687627,0.016396139,523.0456389,0.016136543,,
593.5958418,0.035969354,590.0212982,0.016655735,523.0456389,0.014106448,,
593.5958418,0.034446782,590.4602772,0.014967391,523.8608857,0.016142863,,
593.9721095,0.031404555,591.1501014,0.015141913,523.7981744,0.013858519,,
595.6653144,0.029387585,591.1501014,0.013365579,524.5507099,0.017163258,,
596.4178499,0.029139657,591.9653482,0.014640709,524.5507099,0.015133163,,
597.1703854,0.028130442,591.714503,0.013116193,524.5507099,0.013610591,,
597.9229209,0.023568561,592.6551724,0.015661104,525.3032454,0.017169092,,
598.4873225,0.023319174,592.6551724,0.013631009,525.3032454,0.015138996,,
599.0517241,0.021547215,593.219574,0.01566548,525.1151116,0.013614966,,
599.6161258,0.021805352,593.4077079,0.013129318,526.0557809,0.015652354,,
600.5567951,0.020543835,593.219574,0.012112812,526.0557809,0.014129782,,
601.6855984,0.019030013,594.1602434,0.012627628,526.8083164,0.015150664,,
601.4974645,0.013192029,594.1602434,0.011105056,526.8083164,0.013628092,,
602.25,0.012182815,594.9127789,0.01111089,527.5608519,0.015664021,,
603.0025355,0.014218745,595.6653144,0.009594151,527.5608519,0.013633925,,
604.1313387,0.013212447,596.4178499,0.009599985,528.3133874,0.014654807,,
604.6957404,0.010932965,597.1703854,0.009605819,528.3133874,0.012624711,,
605.260142,0.014236245,597.734787,0.009610194,528.1252535,0.011608205,,
605.8245436,0.010687953,598.8635903,0.010126468,529.0659229,0.012630545,,
606.3889452,0.009169756,599.4279919,0.00835451,529.0659229,0.010854211,,
608.0821501,0.005883976,,,529.8184584,0.012128854,,
609.0228195,0.008175126,,,529.8184584,0.010606283,,
609.5872211,0.006149406,,,530.2574375,0.014162353,,
610.3397566,0.006155239,,,530.6337052,0.011289301,,
611.0922921,0.006161073,,,530.9472617,0.016197796,,
613.1617647,0.006177115,,,530.9472617,0.014167701,,
613.3498986,0.003894716,,,531.3862407,0.012310182,,
614.290568,0.011261105,,,531.6997972,0.015188582,,
614.6668357,0.00974145,,,532.0760649,0.013668927,,
614.8549696,0.007205289,,,532.4523327,0.016209463,,
615.7956389,0.005182485,,,532.8286004,0.014182285,,
615.9837728,0.00340761,,,533.2048682,0.015707773,,
616.5481744,0.004173271,,,533.2675794,0.012155592,,
617.4888438,0.003165515,,,533.6438472,0.009451714,,
,,,,533.9574037,0.013683511,,
,,,,533.9574037,0.011653415,,
,,,,534.3336714,0.009626236,,
,,,,534.7099391,0.012166773,,
,,,,535.0862069,0.011154642,,
,,,,535.5251859,0.01318814,,
,,,,536.2150101,0.014208536,,
,,,,536.2150101,0.01217844,,
,,,,536.9675456,0.014214369,,
,,,,536.9675456,0.012184274,,
,,,,537.3438134,0.010664619,,
,,,,537.7200811,0.014220203,,
,,,,537.7200811,0.012190107,,
,,,,537.908215,0.010668994,,
,,,,538.4726166,0.014226037,,
,,,,538.4726166,0.012195941,,
,,,,539.2251521,0.01423187,,
,,,,539.2251521,0.012201774,,
,,,,539.9776876,0.014237704,,
,,,,539.9776876,0.012207608,,
,,,,540.7302231,0.014243537,,
,,,,540.7302231,0.012213442,,
,,,,541.1064909,0.010947549,,
,,,,541.4827586,0.012726799,,
,,,,541.8590264,0.01069962,,
,,,,542.2352941,0.012225109,,
,,,,542.6115619,0.010705454,,
,,,,543.0505409,0.012231429,,
,,,,543.8030764,0.014267358,,
,,,,543.7403651,0.011983014,,
,,,,543.5522312,0.010712746,,
,,,,544.5556119,0.016303287,,
,,,,544.4929006,0.014018944,,
,,,,544.3047667,0.012748675,,
,,,,545.2454361,0.017323683,,
,,,,545.2454361,0.015293587,,
,,,,545.9979716,0.017329516,,
,,,,545.9979716,0.015806945,,
,,,,546.7505071,0.01733535,,
,,,,546.7505071,0.015812778,,
,,,,547.5030426,0.016326136,,
,,,,547.5030426,0.014549802,,
,,,,548.2555781,0.015316921,,
,,,,548.2555781,0.013540588,,
,,,,549.0081136,0.016337803,,
,,,,549.0081136,0.014307707,,
,,,,549.0081136,0.012277611,,
,,,,549.7606491,0.017358684,,
,,,,549.7606491,0.015328589,,
,,,,549.7606491,0.013298493,,
,,,,550.5131846,0.017364518,,
,,,,550.5131846,0.015334422,,
,,,,550.5131846,0.013558088,,
,,,,551.2657201,0.018385399,,
,,,,551.2657201,0.016355304,,
,,,,551.2657201,0.014325208,,
,,,,551.0775862,0.012801178,,
,,,,552.0182556,0.017883709,,
,,,,552.0182556,0.015853613,,
,,,,552.0182556,0.01407728,,
,,,,552.7707911,0.017382019,,
,,,,552.7707911,0.015351923,,
,,,,552.5826572,0.013827893,,
,,,,553.5860379,0.017557513,,
,,,,553.3351927,0.015863822,,
,,,,554.2758621,0.018408734,,
,,,,554.2758621,0.0166324,,
,,,,555.0283976,0.01739952,,
,,,,555.0283976,0.015623186,,
,,,,555.7809331,0.015882781,,
,,,,555.7809331,0.014106448,,
,,,,556.5334686,0.016396139,,
,,,,556.5334686,0.014619805,,
,,,,557.2860041,0.016909497,,
,,,,557.2860041,0.015133163,,
,,,,558.0385396,0.015392758,,
,,,,558.0385396,0.013870186,,
,,,,558.7910751,0.01641364,,
,,,,558.7910751,0.014891068,,
,,,,559.6063218,0.016589134,,
,,,,560.296146,0.018455403,,
,,,,560.296146,0.016425307,,
,,,,560.6724138,0.020488415,,
,,,,561.1113928,0.018461723,,
,,,,561.0486815,0.015923617,,
,,,,561.0486815,0.014401045,,
,,,,561.801217,0.01592945,,
,,,,561.801217,0.014153116,,
,,,,562.5537525,0.01542776,,
,,,,562.5537525,0.013905188,,
,,,,563.306288,0.014418546,,
,,,,564.0588235,0.014424379,,
,,,,564.811359,0.014430213,,
,,,,564.811359,0.012907641,,
,,,,565.5638945,0.014436047,,
,,,,565.5638945,0.012405951,,
,,,,566.31643,0.015456928,,
,,,,566.31643,0.013426832,,
,,,,566.31643,0.01190426,,
,,,,567.0689655,0.014447714,,
,,,,567.0689655,0.012417618,,
,,,,567.0689655,0.010895046,,
,,,,567.821501,0.015468595,,
,,,,567.821501,0.013692261,,
,,,,567.6333671,0.011914469,,
,,,,568.5740365,0.014966905,,
,,,,568.5740365,0.013444333,,
,,,,569.326572,0.014465215,,
,,,,569.326572,0.012435119,,
,,,,569.326572,0.010658785,,
,,,,570.0791075,0.014471048,,
,,,,570.0791075,0.012440952,,
,,,,570.0791075,0.010410857,,
,,,,570.831643,0.014476882,,
,,,,570.831643,0.012446786,,
,,,,570.831643,0.010670452,,
,,,,571.5841785,0.012960144,,
,,,,571.5841785,0.010930048,,
,,,,571.3960446,0.009913542,,
,,,,572.336714,0.011443405,,
,,,,572.336714,0.00941331,,
,,,,573.0892495,0.011449239,,
,,,,573.0892495,0.009419143,,
,,,,573.841785,0.010947549,,
,,,,573.841785,0.009171215,,
,,,,574.5943205,0.009938334,,
,,,,574.4061866,0.008921828,,
,,,,575.346856,0.009436644,,
,,,,575.7231237,0.007409465,,
,,,,575.7231237,0.005886893,,
,,,,576.0993915,0.009442478,,
,,,,576.5383705,0.007415785,,
,,,,576.2875254,0.005891268,,
,,,,576.851927,0.010463359,,
,,,,577.290906,0.008436666,,
,,,,577.0400609,0.00691215,,
,,,,577.9807302,0.009457062,,
,,,,577.9807302,0.007426966,,
,,,,578.7332657,0.008447847,,
,,,,578.7332657,0.006417752,,
,,,,579.4858012,0.006931109,,
,,,,579.4858012,0.005154775,,
,,,,580.301048,0.006429905,,
,,,,580.0502028,0.004397865,,
,,,,580.9908722,0.0074503,,
,,,,580.8027383,0.00592627,,
,,,,581.806119,0.007625795,,
,,,,582.4959432,0.007969491,,
,,,,582.4959432,0.005939396,,
,,,,582.4959432,0.004416824,,
,,,,583.2484787,0.006452753,,
,,,,583.2484787,0.004422658,,
,,,,583.6247465,0.002903003,,
,,,,584.0637255,0.006459073,,
,,,,584.0010142,0.003920967,,
,,,,584.7535497,0.007479468,,
,,,,584.7535497,0.005449373,,
,,,,584.7535497,0.003926801,,
,,,,585.5060852,0.004947682,,
,,,,585.3179513,0.003931176,,
,,,,586.321332,0.004615653,,
,,,,587.0738675,0.00546736,,
,,,,586.8230223,0.003942843,,
,,,,587.7636917,0.006487755,,
,,,,587.7636917,0.004457659,,
,,,,588.5162272,0.005986065,,
,,,,588.5162272,0.004209731,,
,,,,589.2687627,0.004469326,,
,,,,589.6450304,0.002949671,,
,,,,590.0212982,0.00447516,,
,,,,590.3975659,0.002955505,,
,,,,590.7738337,0.004480994,,
,,,,591.1501014,0.002707577,,
,,,,591.5263692,0.006516923,,
,,,,591.5263692,0.004486827,,
,,,,591.714503,0.002965714,,
,,,,592.341616,0.006523243,,
,,,,592.2789047,0.004238899,,
,,,,593.0314402,0.007543638,,
,,,,593.0314402,0.005513542,,
,,,,593.0314402,0.003737209,,
,,,,593.7839757,0.005011852,,
,,,,593.7839757,0.002981756,,
,,,,593.7839757,0.001205422,,
,,,,594.5365112,0.004510162,,
,,,,594.5365112,0.002480066,,
,,,,595.2890467,0.004008471,,
,,,,595.2890467,0.001978376,,
,,,,596.0415822,0.002491733,,
,,,,596.0415822,0.000969161,,
,,,,596.7941176,0.003512615,,
,,,,596.7941176,0.001990043,,
,,,,597.5466531,0.004533496,,
,,,,597.5466531,0.003010924,,
,,,,598.2991886,0.005554378,,
,,,,598.2991886,0.003524282,,
,,,,599.0517241,0.004545163,,
,,,,599.0517241,0.003022591,,
,,,,599.8042596,0.004550997,,
,,,,599.8042596,0.003028425,,
,,,,600.5567951,0.004556831,,
,,,,600.5567951,0.002780497,,
,,,,601.3093306,0.00405514,,
,,,,601.3093306,0.002025044,,
,,,,602.0618661,0.00355345,,
,,,,602.0618661,0.001523354,,
,,,,602.8144016,0.003559283,,
,,,,602.8144016,0.002036712,,
,,,,603.5669371,0.004580165,,
,,,,603.5669371,0.002550069,,
,,,,604.3194726,0.004585999,,
,,,,604.3194726,0.002555903,,
,,,,604.3194726,0.001033331,,
,,,,605.0720081,0.004591832,,
,,,,605.0720081,0.002815498,,
,,,,605.8872549,0.004598152,,
,,,,605.6364097,0.003073636,,
,,,,606.5770791,0.005618547,,
,,,,606.5770791,0.003842213,,
,,,,607.1414807,0.005115399,,
,,,,607.7058824,0.002582154,,
,,,,608.0821501,0.001062499,,
,,,,608.5211291,0.002757648,,
,,,,609.2109533,0.003608869,,
,,,,609.0228195,0.002084839,,
,,,,609.9634888,0.003614703,,
,,,,609.9634888,0.002092131,,
,,,,610.7160243,0.003113012,,
,,,,610.5278905,0.002096506,,
,,,,611.5312711,0.002780983,,
,,,,612.2210953,0.00312468,,
,,,,613.3498986,8.83E-05,,
,,,,613.9143002,9.27E-05,,
,,,,614.4787018,0.002127133,,
,,,,615.0431034,0.002131508,,
